entry_id,Total Volume of Bookings
mkt_4036,100
mkt_2533,100
mkt_4114,100
mkt_3635,100
mkt_1937,100
mkt_3304,100
mkt_278,100
mkt_896,100
mkt_912,100
mkt_2283,100
mkt_2709,100
mkt_2790,100
mkt_1281,100
mkt_004,100
mkt_867,100
mkt_4321,100
mkt_3956,100
mkt_4185,100
mkt_1657,100
mkt_2860,100
mkt_2869,100
mkt_3137,100
mkt_2927,100
mkt_2978,100
mkt_2091,100
mkt_1484,100
mkt_2047,100
mkt_093,100
mkt_2114,100
mkt_685,100
mkt_4409,100
mkt_463,100
mkt_1379,100
mkt_087,100
mkt_728,100
mkt_663,100
mkt_2141,100
mkt_380,100
mkt_3413,100
mkt_3291,100
mkt_2302,100
mkt_2014,100
mkt_3004,100
mkt_4188,100
mkt_3913,100
mkt_4475,100
mkt_1016,100
mkt_3120,100
mkt_048,100
mkt_286,100
mkt_1116,100
mkt_441,100
mkt_4330,100
mkt_2509,100
mkt_3183,100
mkt_458,100
mkt_345,100
mkt_992,100
mkt_3253,100
mkt_809,100
mkt_3830,100
mkt_3096,100
mkt_103,100
mkt_2489,100
mkt_4111,100
mkt_3391,100
mkt_2834,100
mkt_1371,100
mkt_3292,100
mkt_4123,100
mkt_1779,100
mkt_2191,100
mkt_1378,100
mkt_2791,100
mkt_1924,100
mkt_1671,100
mkt_2506,100
mkt_623,100
mkt_1629,100
mkt_2066,100
mkt_3327,100
mkt_4392,100
mkt_3453,100
mkt_1436,100
mkt_2990,100
mkt_2057,100
mkt_3916,100
mkt_3031,100
mkt_3289,100
mkt_735,100
mkt_3928,100
mkt_561,100
mkt_779,100
mkt_3702,100
mkt_419,100
mkt_3767,100
mkt_826,100
mkt_2876,100
mkt_898,100
mkt_3040,100